insert into users(id,uuid,fullname,password,username)values(1,'679b09f8-2ca9-4611-b5a2-c60d5c9eu201','Tester 1','test1','test1');
insert into users(id,uuid,fullname,password,username)values(2,'679b09f8-2ca9-4611-b5a2-c60d5c9eu202','Tester 2','test2','test2');
insert into users(id,uuid,fullname,password,username)values(3,'679b09f8-2ca9-4611-b5a2-c60d5c9eu203','Tester 3','test3','test3');
insert into users(id,uuid,fullname,password,username)values(4,'679b09f8-2ca9-4611-b5a2-c60d5c9eu204','Tester 4','test4','test4');
insert into users(id,uuid,fullname,password,username)values(5,'679b09f8-2ca9-4611-b5a2-c60d5c9eu205','Tester 5','test5','test5');
insert into users(id,uuid,fullname,password,username)values(6,'679b09f8-2ca9-4611-b5a2-c60d5c9eu206','Tester 6','test6','test6');
insert into users(id,uuid,fullname,password,username)values(7,'679b09f8-2ca9-4611-b5a2-c60d5c9eu207','Tester 7','test7','test7');
insert into users(id,uuid,fullname,password,username)values(8,'679b09f8-2ca9-4611-b5a2-c60d5c9eu208','Tester 8','test8','test8');
insert into users(id,uuid,fullname,password,username)values(9,'679b09f8-2ca9-4611-b5a2-c60d5c9eu209','Tester 9','test9','test9');
insert into test_exam (id,uuid,description,exam_duration,name,pass_score,total_score) values(1,'679b09f8-2ca9-4611-b5a2-c60d5c9ee201','Test provides Multiple Choice Questions (MCQs) related to Core Java. ',300,'Java Online Test',8,10);
insert into test_exam (id,uuid,description,exam_duration,name,pass_score,total_score) values(2,'679b09f8-2ca9-4611-b5a2-c60d5c9ee202','Test provides Multiple Choice Questions (MCQs) related to SQL. ',300,'SQL Online Test',3,5);
insert into test_exam (id,uuid,description,exam_duration,name,pass_score,total_score) values(3,'679b09f8-2ca9-4611-b5a2-c60d5c9ee203','Test provides Multiple Choice Questions (MCQs) related to C Programming. ',300,'C Programming Online Test',3,5);
insert into question(id,uuid,description,multiple,d_order,title,exam) values (1,'679b09f8-2ca9-4611-b5a2-c60d5c9eq204','Can we compare int variable with a boolean variable?',1,1,'Question-1',1);
insert into question(id,uuid,description,multiple,d_order,title,exam) values (2,'679b09f8-2ca9-4611-b5a2-c60d5c9eq202','Can we have multiple classes in same java file?',1,1,'Question-2',1);
insert into question(id,uuid,description,multiple,d_order,title,exam) values (3,'679b09f8-2ca9-4611-b5a2-c60d5c9eq203','What is the default value of float variable?',1,1,'Question-3',1);
insert into question(id,uuid,description,multiple,d_order,title,exam) values (4,'679b09f8-2ca9-4611-b5a2-c60d5c9eq204','Which of the following stands true about default modifier of class members?',1,1,'Question-4',1);
insert into question(id,uuid,description,multiple,d_order,title,exam) values (5,'679b09f8-2ca9-4611-b5a2-c60d5c9eq205','What is class variable?',1,1,'Question-5',1);
insert into question(id,uuid,description,multiple,d_order,title,exam) values (6,'679b09f8-2ca9-4611-b5a2-c60d5c9eq206','Can be constructor be made final?',1,1,'Question-6',1);
insert into question(id,uuid,description,multiple,d_order,title,exam) values (7,'679b09f8-2ca9-4611-b5a2-c60d5c9eq207','When static binding occurs?',1,1,'Question-7',1);
insert into question(id,uuid,description,multiple,d_order,title,exam) values (8,'679b09f8-2ca9-4611-b5a2-c60d5c9eq208','What are Wrapper classes?',1,1,'Question-8',1);
insert into question(id,uuid,description,multiple,d_order,title,exam) values (9,'679b09f8-2ca9-4611-b5a2-c60d5c9eq209','Can try statements be nested?',1,1,'Question-9',1);
insert into question(id,uuid,description,multiple,d_order,title,exam) values (10,'679b09f8-2ca9-4611-b5a2-c60d5c9eq210','This is the parent of Error and Exception classes.',1,1,'Question-10',1);
insert into question(id,uuid,description,multiple,d_order,title,exam) values (11,'679b09f8-2ca9-4611-b5a2-c60d5c9eq211','SQL is a standard language for ________.',1,1,'Question-1',2);
insert into question(id,uuid,description,multiple,d_order,title,exam) values (12,'679b09f8-2ca9-4611-b5a2-c60d5c9eq212','SQL to access and manipulate data in which of the following databases ?',1,1,'Question-2',2);
insert into question(id,uuid,description,multiple,d_order,title,exam) values (13,'679b09f8-2ca9-4611-b5a2-c60d5c9eq213','SQL stands for _________.',1,1,'Question-3',2);
insert into question(id,uuid,description,multiple,d_order,title,exam) values (14,'679b09f8-2ca9-4611-b5a2-c60d5c9eq214','Structured Query Language is an __________ Standard.',1,1,'Question-4',2);
insert into question(id,uuid,description,multiple,d_order,title,exam) values (15,'679b09f8-2ca9-4611-b5a2-c60d5c9eq215','Which of the following function cannot be performed by SQL?',1,1,'Question-5',2);
insert into question(id,uuid,description,multiple,d_order,title,exam) values (16,'679b09f8-2ca9-4611-b5a2-c60d5c9eq216','Which of the following is not a Entry Controlled loop ?',1,1,'Question-1',3);
insert into question(id,uuid,description,multiple,d_order,title,exam) values (17,'679b09f8-2ca9-4611-b5a2-c60d5c9eq217','Global Variables are variables declared outside any of the c function !',1,1,'Question-2',3);
insert into question(id,uuid,description,multiple,d_order,title,exam) values (18,'679b09f8-2ca9-4611-b5a2-c60d5c9eq218','L Value and R Value are associated with which of the following concept in C ?',1,1,'Question-3',3);
insert into question(id,uuid,description,multiple,d_order,title,exam) values (19,'679b09f8-2ca9-4611-b5a2-c60d5c9eq219','A symbol that represent a specific mathematical or non mathematical action are called as __________.',1,1,'Question-4',3);
insert into question(id,uuid,description,multiple,d_order,title,exam) values (20,'679b09f8-2ca9-4611-b5a2-c60d5c9eq220','Symbols other than the Alphabets and Digits and white-spaces (i.e $,#,@) are called as _________.',1,1,'Question-5',3);
insert into answer(id,uuid,d_order,a_text,is_valid, question) values (1,'679b09f8-2ca9-4611-b5a2-c60d5c9ea201',1,'True',0,1);
insert into answer(id,uuid,d_order,a_text,is_valid, question) values (2,'679b09f8-2ca9-4611-b5a2-c60d5c9ea202',2,'False',1,1);
insert into answer(id,uuid,d_order,a_text,is_valid, question) values (3,'679b09f8-2ca9-4611-b5a2-c60d5c9ea203',1,'True',1,2);
insert into answer(id,uuid,d_order,a_text,is_valid, question) values (4,'679b09f8-2ca9-4611-b5a2-c60d5c9ea204',2,'False',0,2);
insert into answer(id,uuid,d_order,a_text,is_valid, question) values (5,'679b09f8-2ca9-4611-b5a2-c60d5c9ea205',1,'0.0d',0,3);
insert into answer(id,uuid,d_order,a_text,is_valid, question) values (6,'679b09f8-2ca9-4611-b5a2-c60d5c9ea206',2,'0.0f',1,3);
insert into answer(id,uuid,d_order,a_text,is_valid, question) values (7,'679b09f8-2ca9-4611-b5a2-c60d5c9ea207',3,'0',0,3);
insert into answer(id,uuid,d_order,a_text,is_valid, question) values (8,'679b09f8-2ca9-4611-b5a2-c60d5c9ea208',4,'not defined',0,3);
insert into answer(id,uuid,d_order,a_text,is_valid, question) values (9,'679b09f8-2ca9-4611-b5a2-c60d5c9ea209',1,'By default, variables, methods and constructors can be accessed by subclass only.',0,4);
insert into answer(id,uuid,d_order,a_text,is_valid, question) values (10,'679b09f8-2ca9-4611-b5a2-c60d5c9ea210',2,'By default, variables, methods and constructors can be accessed by any class lying in any package.',0,4);
insert into answer(id,uuid,d_order,a_text,is_valid, question) values (11,'679b09f8-2ca9-4611-b5a2-c60d5c9ea211',3,'By default, variables, methods and constructors can be accessed by any class lying in the same package.',1,4);
insert into answer(id,uuid,d_order,a_text,is_valid, question) values (12,'679b09f8-2ca9-4611-b5a2-c60d5c9ea212',4,'None of the above.',0,4);
insert into answer(id,uuid,d_order,a_text,is_valid, question) values (13,'679b09f8-2ca9-4611-b5a2-c60d5c9ea213',1,'class variables are static variables within a class but outside any method.',1,5);
insert into answer(id,uuid,d_order,a_text,is_valid, question) values (14,'679b09f8-2ca9-4611-b5a2-c60d5c9ea214',2,'class variables are variables defined inside methods, constructors or blocks.',0,5);
insert into answer(id,uuid,d_order,a_text,is_valid, question) values (15,'679b09f8-2ca9-4611-b5a2-c60d5c9ea215',3,'class variables are variables within a class but outside any method.',0,5);
insert into answer(id,uuid,d_order,a_text,is_valid, question) values (16,'679b09f8-2ca9-4611-b5a2-c60d5c9ea216',4,'None of the above.',0,5);
insert into answer(id,uuid,d_order,a_text,is_valid, question) values (17,'679b09f8-2ca9-4611-b5a2-c60d5c9ea217',1,'True',0,6);
insert into answer(id,uuid,d_order,a_text,is_valid, question) values (18,'679b09f8-2ca9-4611-b5a2-c60d5c9ea218',2,'False',1,6);
insert into answer(id,uuid,d_order,a_text,is_valid, question) values (19,'679b09f8-2ca9-4611-b5a2-c60d5c9ea219',1,'Static binding occurs during Compile time.',1,7);
insert into answer(id,uuid,d_order,a_text,is_valid, question) values (20,'679b09f8-2ca9-4611-b5a2-c60d5c9ea220',2,'Static binding occurs during load time.',0,7);
insert into answer(id,uuid,d_order,a_text,is_valid, question) values (21,'679b09f8-2ca9-4611-b5a2-c60d5c9ea221',3,'Static binding occurs during runtime.',0,7);
insert into answer(id,uuid,d_order,a_text,is_valid, question) values (22,'679b09f8-2ca9-4611-b5a2-c60d5c9ea222',4,'None of the above.',0,7);
insert into answer(id,uuid,d_order,a_text,is_valid, question) values (23,'679b09f8-2ca9-4611-b5a2-c60d5c9ea223',1,'These are classes that allow primitive types to be accessed as objects.',1,8);
insert into answer(id,uuid,d_order,a_text,is_valid, question) values (24,'679b09f8-2ca9-4611-b5a2-c60d5c9ea224',2,'These are classes that wraps functionality of an existing class.',0,8);
insert into answer(id,uuid,d_order,a_text,is_valid, question) values (25,'679b09f8-2ca9-4611-b5a2-c60d5c9ea225',3,'Both of the above.',0,8);
insert into answer(id,uuid,d_order,a_text,is_valid, question) values (26,'679b09f8-2ca9-4611-b5a2-c60d5c9ea226',4,'None of the above.',0,8);
insert into answer(id,uuid,d_order,a_text,is_valid, question) values (27,'679b09f8-2ca9-4611-b5a2-c60d5c9ea227',1,'True',1,9);
insert into answer(id,uuid,d_order,a_text,is_valid, question) values (28,'679b09f8-2ca9-4611-b5a2-c60d5c9ea228',2,'False',0,9);
insert into answer(id,uuid,d_order,a_text,is_valid, question) values (29,'679b09f8-2ca9-4611-b5a2-c60d5c9ea229',1,'Throwable',1,10);
insert into answer(id,uuid,d_order,a_text,is_valid, question) values (30,'679b09f8-2ca9-4611-b5a2-c60d5c9ea230',2,'Catchable',0,10);
insert into answer(id,uuid,d_order,a_text,is_valid, question) values (31,'679b09f8-2ca9-4611-b5a2-c60d5c9ea231',3,'MainError',0,10);
insert into answer(id,uuid,d_order,a_text,is_valid, question) values (32,'679b09f8-2ca9-4611-b5a2-c60d5c9ea232',4,'MainException',0,10);
insert into answer(id,uuid,d_order,a_text,is_valid, question) values (33,'679b09f8-2ca9-4611-b5a2-c60d5c9ea233',1,'Accessing databases',1,11);
insert into answer(id,uuid,d_order,a_text,is_valid, question) values (34,'679b09f8-2ca9-4611-b5a2-c60d5c9ea234',2,'Creating Web Pages',0,11);
insert into answer(id,uuid,d_order,a_text,is_valid, question) values (35,'679b09f8-2ca9-4611-b5a2-c60d5c9ea235',3,'Creating Front Ends',0,11);
insert into answer(id,uuid,d_order,a_text,is_valid, question) values (36,'679b09f8-2ca9-4611-b5a2-c60d5c9ea236',4,'None of these',0,11);
insert into answer(id,uuid,d_order,a_text,is_valid, question) values (37,'679b09f8-2ca9-4611-b5a2-c60d5c9ea237',1,'Oracle',0,12);
insert into answer(id,uuid,d_order,a_text,is_valid, question) values (38,'679b09f8-2ca9-4611-b5a2-c60d5c9ea238',2,'MySQL',0,12);
insert into answer(id,uuid,d_order,a_text,is_valid, question) values (39,'679b09f8-2ca9-4611-b5a2-c60d5c9ea239',3,'MS Access',0,12);
insert into answer(id,uuid,d_order,a_text,is_valid, question) values (40,'679b09f8-2ca9-4611-b5a2-c60d5c9ea240',4,'All of these',1,12);
insert into answer(id,uuid,d_order,a_text,is_valid, question) values (41,'679b09f8-2ca9-4611-b5a2-c60d5c9ea241',1,'Simple Query Language',0,13);
insert into answer(id,uuid,d_order,a_text,is_valid, question) values (42,'679b09f8-2ca9-4611-b5a2-c60d5c9ea242',2,'Standard Query Language',0,13);
insert into answer(id,uuid,d_order,a_text,is_valid, question) values (43,'679b09f8-2ca9-4611-b5a2-c60d5c9ea243',3,'Structured Query Language',1,13);
insert into answer(id,uuid,d_order,a_text,is_valid, question) values (44,'679b09f8-2ca9-4611-b5a2-c60d5c9ea244',4,'None of these',0,13);
insert into answer(id,uuid,d_order,a_text,is_valid, question) values (45,'679b09f8-2ca9-4611-b5a2-c60d5c9ea245',1,'ISO',0,14);
insert into answer(id,uuid,d_order,a_text,is_valid, question) values (46,'679b09f8-2ca9-4611-b5a2-c60d5c9ea246',2,'ANSI',1,14);
insert into answer(id,uuid,d_order,a_text,is_valid, question) values (47,'679b09f8-2ca9-4611-b5a2-c60d5c9ea247',3,'Agmark',0,14);
insert into answer(id,uuid,d_order,a_text,is_valid, question) values (48,'679b09f8-2ca9-4611-b5a2-c60d5c9ea248',4,'Hall Mark',0,14);
insert into answer(id,uuid,d_order,a_text,is_valid, question) values (49,'679b09f8-2ca9-4611-b5a2-c60d5c9ea249',1,'Setting permissions on tables',0,15);
insert into answer(id,uuid,d_order,a_text,is_valid, question) values (50,'679b09f8-2ca9-4611-b5a2-c60d5c9ea250',2,'Creating views in a database',0,15);
insert into answer(id,uuid,d_order,a_text,is_valid, question) values (51,'679b09f8-2ca9-4611-b5a2-c60d5c9ea251',3,'Creating Complex UI',1,15);
insert into answer(id,uuid,d_order,a_text,is_valid, question) values (52,'679b09f8-2ca9-4611-b5a2-c60d5c9ea252',4,'Updating records',0,15);
insert into answer(id,uuid,d_order,a_text,is_valid, question) values (53,'679b09f8-2ca9-4611-b5a2-c60d5c9ea253',1,'while',1,16);
insert into answer(id,uuid,d_order,a_text,is_valid, question) values (54,'679b09f8-2ca9-4611-b5a2-c60d5c9ea254',2,'do-while',0,16);
insert into answer(id,uuid,d_order,a_text,is_valid, question) values (55,'679b09f8-2ca9-4611-b5a2-c60d5c9ea255',3,'for',0,16);
insert into answer(id,uuid,d_order,a_text,is_valid, question) values (56,'679b09f8-2ca9-4611-b5a2-c60d5c9ea256',1,'False',0,17);
insert into answer(id,uuid,d_order,a_text,is_valid, question) values (57,'679b09f8-2ca9-4611-b5a2-c60d5c9ea257',2,'Completely True',0,17);
insert into answer(id,uuid,d_order,a_text,is_valid, question) values (58,'679b09f8-2ca9-4611-b5a2-c60d5c9ea258',3,'Yes Partially True',0,17);
insert into answer(id,uuid,d_order,a_text,is_valid, question) values (59,'679b09f8-2ca9-4611-b5a2-c60d5c9ea259',4,'None of these',1,17);
insert into answer(id,uuid,d_order,a_text,is_valid, question) values (60,'679b09f8-2ca9-4611-b5a2-c60d5c9ea260',1,'Pointer',0,18);
insert into answer(id,uuid,d_order,a_text,is_valid, question) values (61,'679b09f8-2ca9-4611-b5a2-c60d5c9ea261',2,'Expression',1,18);
insert into answer(id,uuid,d_order,a_text,is_valid, question) values (62,'679b09f8-2ca9-4611-b5a2-c60d5c9ea262',3,'Array',0,18);
insert into answer(id,uuid,d_order,a_text,is_valid, question) values (63,'679b09f8-2ca9-4611-b5a2-c60d5c9ea263',4,'Function',0,18);
insert into answer(id,uuid,d_order,a_text,is_valid, question) values (64,'679b09f8-2ca9-4611-b5a2-c60d5c9ea264',1,'Keywords',0,19);
insert into answer(id,uuid,d_order,a_text,is_valid, question) values (65,'679b09f8-2ca9-4611-b5a2-c60d5c9ea265',2,'Constants',1,19);
insert into answer(id,uuid,d_order,a_text,is_valid, question) values (66,'679b09f8-2ca9-4611-b5a2-c60d5c9ea266',3,'Operators',0,19);
insert into answer(id,uuid,d_order,a_text,is_valid, question) values (67,'679b09f8-2ca9-4611-b5a2-c60d5c9ea267',4,'Identifiers',0,19);
insert into answer(id,uuid,d_order,a_text,is_valid, question) values (68,'679b09f8-2ca9-4611-b5a2-c60d5c9ea268',1,'Wild Card Symbols',0,20);
insert into answer(id,uuid,d_order,a_text,is_valid, question) values (69,'679b09f8-2ca9-4611-b5a2-c60d5c9ea269',2,'Mandatory Symbols',0,20);
insert into answer(id,uuid,d_order,a_text,is_valid, question) values (70,'679b09f8-2ca9-4611-b5a2-c60d5c9ea270',3,'Special Symbols',1,20);
insert into answer(id,uuid,d_order,a_text,is_valid, question) values (71,'679b09f8-2ca9-4611-b5a2-c60d5c9ea271',4,'None of these',0,20);